{
	"pages": [{
			"path": "pages/index/index",
			"style": {
				"navigationBarTitleText": "首页",
				// #ifdef H5
				"titleNView": false,
				// #endif
				"enablePullDownRefresh": true
			}
		},
		{
			"path": "pages/index/custom",
			"style": {
				"navigationBarTitleText": "页面",
				// #ifdef H5
				"titleNView": false,
				// #endif
				"enablePullDownRefresh": true
			}
		},
		{
			"path": "pages/index/search",
			"style": {
				"navigationBarTitleText": "搜索"
			}
		},
		{
			"path": "pages/classify/classify",
			"style": {
				"navigationBarTitleText": "分类"
			}
		},
		{
			"path": "pages/classify/index",
			"style": {
				"navigationBarTitleText": "商品列表"
			}
		},
		{
			"path": "pages/cart/index/index",
			"style": {
				"navigationBarTitleText": "购物车"
			}
		},
		{
			"path": "pages/cart/index/free",
			"style": {
				"navigationBarTitleText": "购物车"
			}
		},
		{
			"path": "pages/member/index/index",
			"style": {
				// #ifdef H5
				"titleNView": false,
				// #endif
				"navigationBarTitleText": "个人中心"
			}
		},

		{
			"path": "pages/member/pagesign/index/index",
			"style": {
				"navigationBarTitleText": "签到"
			}
		},
		{
			"path": "pages/member/coupon/index",
			"style": {
				"navigationBarTitleText": "我的优惠券"
			}
		},
		{
			"path": "pages/member/balance/index",
			"style": {
				"navigationBarTitleText": "我的余额"
			}
		},
		{
			"path": "pages/member/balance/recharge",
			"style": {
				"navigationBarTitleText": "充值"
			}
		},
		{
			"path": "pages/member/balance/withdraw_cash",
			"style": {
				"navigationBarTitleText": "提现"
			}
		},
		{
			"path": "pages/member/balance/details",
			"style": {
				"navigationBarTitleText": "余额明细"
			}
		},
		{
			"path": "pages/member/balance/cashlist",
			"style": {
				"navigationBarTitleText": "提现记录"
			}
		},
		{
			"path": "pages/member/balance/bankcard",
			"style": {
				"navigationBarTitleText": "我的银行卡"
			}
		},
		{
			"path": "pages/member/balance/add_bankcard",
			"style": {
				"navigationBarTitleText": "添加银行卡"
			}
		},
		{
			"path": "pages/member/collection/index",
			"style": {
				"navigationBarTitleText": "我的收藏"
			}
		},
		{
			"path": "pages/member/history/index",
			"style": {
				"navigationBarTitleText": "我的足迹"
			}
		},
		{
			"path": "pages/member/address/list",
			"style": {
				"navigationBarTitleText": "地址管理"
			}
		},
		{
			"path": "pages/member/address/index",
			"style": {
				"navigationBarTitleText": "修改地址"
			}
		},
		{
			"path": "pages/member/setting/index",
			"style": {
				"navigationBarTitleText": "设置"
			}
		},
		{
			"path": "pages/member/setting/user_info/index",
			"style": {
				"navigationBarTitleText": "个人信息"
			}
		},
		{
			"path": "pages/member/setting/user_info/password",
			"style": {
				"navigationBarTitleText": "修改密码"
			}
		},
		{
			"path": "pages/member/setting/user_info/resetpassword",
			"style": {
				"navigationBarTitleText": "重置密码"
			}
		},
		{
			"path": "pages/member/integral/index",
			"style": {
				"navigationBarTitleText": "我的积分"
			}
		},
		{
			"path": "pages/member/invite/index",
			"style": {
				"navigationBarTitleText": "邀请好友"
			}
		},
		{
			"path": "pages/member/invite/list",
			"style": {
				"navigationBarTitleText": "邀请列表"
			}
		},
		{
			"path": "pages/member/invoice/index",
			"style": {
				"navigationBarTitleText": "我的发票"
			}
		},
		{
			"path": "pages/member/take_delivery/index",
			"style": {
				"navigationBarTitleText": "提货单核销"
			}
		},
		{
			"path": "pages/member/take_delivery/list",
			"style": {
				"navigationBarTitleText": "提货单列表"
			}
		},
		{
			"path": "pages/goods/index/index",
			"style": {
				// #ifdef H5
				"titleNView": false,
				// #endif
				"navigationBarTitleText": "商品详情",
				"navigationStyle": "custom"
			}
		},
		{
			"path": "pages/goods/index/group",
			"style": {
				"navigationBarTitleText": "促销详情",
				"navigationStyle": "custom"
			}
		},
		{
			"path": "pages/goods/place-order/index",
			"style": {
				"navigationBarTitleText": "提交订单"
			}
		},
		{
			"path": "pages/goods/place-order/invoice",
			"style": {
				"navigationBarTitleText": "发票"
			}
		},
		{
			"path": "pages/goods/place-order/storelist",
			"style": {
				"navigationBarTitleText": "门店列表"
			}
		},
		{
			"path": "pages/goods/payment/index",
			"style": {
				"navigationBarTitleText": "支付"
			}
		},
		{
			"path": "pages/goods/payment/auth",
			"style": {
				"navigationBarTitleText": "等待支付"
			}
		},
		{
			"path": "pages/goods/payment/result",
			"style": {
				"navigationBarTitleText": "支付结果"
			}
		},
		{
			"path": "pages/member/order/orderlist",
			"style": {
				"navigationBarTitleText": "订单列表"
			}
		},
		{
			"path": "pages/member/order/orderdetail",
			"style": {
				"navigationBarTitleText": "订单详情"
			}
		},
		{
			"path": "pages/member/order/invitation_group",
			"style": {
				"navigationBarTitleText": "邀请拼单"
			}
		},
		{
			"path": "pages/member/after_sale/index",
			"style": {
				"navigationBarTitleText": "申请售后"
			}
		},
		{
			"path": "pages/member/after_sale/list",
			"style": {
				"navigationBarTitleText": "售后列表"
			}
		},
		{
			"path": "pages/member/after_sale/detail",
			"style": {
				"navigationBarTitleText": "售后详情"
			}
		},
		{
			"path": "pages/member/order/evaluate",
			"style": {
				"navigationBarTitleText": "订单评价"
			}
		},
		{
			"path": "pages/member/order/express_delivery",
			"style": {
				"navigationBarTitleText": "物流信息"
			}
		},
		{
			"path": "pages/article/index",
			"style": {
				"navigationBarTitleText": "文章详情"
			}
		},
		{
			"path": "pages/article/list",
			"style": {
				"navigationBarTitleText": "文章列表"
			}
		},
		{
			"path": "pages/login/choose/index",
			"style": {
				"navigationBarTitleText": "授权登录"
			}
		},
		{
			"path": "pages/login/login/index",
			"style": {
				"navigationBarTitleText": "登录"
			}
		},
		{
			"path": "pages/login/login/index1",
			"style": {
				"navigationBarTitleText": "登录"
			}
		},
		{
			"path": "pages/login/forget/forget",
			"style": {
				"navigationBarTitleText": "忘记密码"
			}
		},
		{
			"path": "pages/share",
			"style": {
				"navigationBarTitleText": "分享"
			}
		},
		{
			"path": "pages/author",
			"style": {
				// #ifdef H5
				"titleNView": false,
				// #endif
				"navigationBarTitleText": "获取授权中"
			}
		},
		{
			"path": "pages/login/register/index",
			"style": {
				"navigationBarTitleText": "注册"
			}
		},
		{
			"path": "pages/classify/pintuan_list",
			"style": {
				"navigationBarTitleText": "拼团列表"
			}
		},
		{
			"path": "pages/goods/index/pintuan",
			"style": {
				"navigationBarTitleText": "拼团详情",
				"navigationStyle": "custom"
			}
		},
		{
			"path": "pages/form/detail/form",
			"style": {
				"navigationBarTitleText": "万能表单"
			}
		},
		{
			"path": "pages/member/distribution/index",
			"style": {
				"navigationBarTitleText": "分销中心"
			}
		},
		{
			"path": "pages/member/distribution/apply",
			"style": {
				"navigationBarTitleText": "申请成为分销"
			}
		},
		{
			"path": "pages/member/distribution/apply_state",
			"style": {
				"navigationBarTitleText": "审核状态"
			}
		},
		{
			"path": "pages/member/distribution/user",
			"style": {
				"navigationBarTitleText": "分销中心"
			}
		},
		{
			"path": "pages/member/distribution/agreement",
			"style": {
				"navigationBarTitleText": "分销协议"
			}
		},
		{
			"path": "pages/member/distribution/order",
			"style": {
				"navigationBarTitleText": "推广订单"
			}
		},
		{
			"path": "pages/member/distribution/popularize",
			"style": {
				"navigationBarTitleText": "我要推广"
			}
		},
		{
			"path": "pages/member/distribution/my_store",
			"style": {
				"navigationBarTitleText": "我的店铺"
			}
		},
		{
			"path": "pages/member/distribution/store_setting",
			"style": {
				"navigationBarTitleText": "店铺设置"
			}
		},
		{
			"path": "pages/share/jump",
			"style": {
				// #ifdef H5
				"titleNView": false,
				// #endif
				"navigationBarTitleText": "加载中..."
			}
		},
		{
			"path": "pages/store_map/index",
			"style": {
				"navigationBarTitleText": "门店列表"
			}
		},
		{
			"path": "pages/member/customer_service/index",
			"style": {
				"navigationBarTitleText": "在线咨询"
			}
		},
		{
			"path": "pages/login/mobile/index",
			"style": {
				"navigationBarTitleText": "绑定手机号"
			}
		}, {
			"path": "pages/member/bargain/list",
			"style": {
				"navigationBarTitleText": "砍价记录"
			}
		},
		{
			"path": "pages/promotion/seckill",
			"style": {
				"navigationBarTitleText": "秒杀列表"
			}
		},
		{
			"path": "pages/promotion/group",
			"style": {
				"navigationBarTitleText": "团购列表"
			}
		},
		{
			"path": "pages/promotion/pintuan",
			"style": {
				"navigationBarTitleText": "拼团列表"
			}
		},
		{
			"path": "pages/login/login/mobile",
			"style": {
				"navigationBarTitleText": "绑定手机号"
			}
		}
	],
	"subPackages": [{
		"root": "pageactivity",
		"pages": [{
				"path": "lottery/index",
				"style": {
					"navigationBarTitleText": "转盘抽奖"
				}
			},
			{
				"path": "free/index",
				"style": {
					"navigationBarTitleText": "免单"
				}
			},
			{
				"path": "bargain/index",
				"style": {
					"navigationBarTitleText": "好友帮砍价"
				}
			},
			{
				"path": "bargain/details",
				"style": {
					"navigationBarTitleText": "商品详情"
				}
			},
			{
				"path": "bargain/list",
				"style": {
					"navigationBarTitleText": "砍价列表"
				}
			}
		]
	},
	{
		"root": "pointmall",
		"pages": [{
				"path": "point/index",
				"style": {
					"navigationBarTitleText": "积分商城",
					"navigationStyle": "custom"
				}
			},
			{
				"path": "point/detail",
				"style": {
					"navigationBarTitleText": "详情",
					"navigationStyle": "custom"
				}
			},
			{
				"path": "point/goodlist",
				"style": {
					"navigationBarTitleText": "积分商品列表"
				}
			},
			{
				"path": "point/rink",
				"style": {
					"navigationBarTitleText": "积分排行",
					"navigationBarBackgroundColor": "#30A7F6",
					"navigationBarTextStyle": "white"
				}
			}
		]
	}
	],
	"preloadRule": {
		"pages/index/index": {
			"network": "all",
			"packages": ["pointmall","pageactivity"]
		}
	},
	"globalStyle": {
		"navigationBarTextStyle": "black",
		"navigationBarTitleText": "新模板",
		"navigationBarBackgroundColor": "#fff",
		"backgroundColor": "#F8F8F8"
	},
	"condition": {
		//模式配置，仅开发期间生效
		"current": 0, //当前激活的模式(list 的索引项)
		"list": [{
			"name": "", //模式名称
			"path": "", //启动页面，必选
			"query": "" //启动参数，在页面的onLoad函数里面得到
		}]
	}
}